<?xml version="1.0" encoding="UTF-8"?>
<root>
  <item name="camp.visual.libgaze.authorization.AuthenticatorWrapper int getAuthenticationError()">
    <annotation name="androidx.annotation.IntDef">
      <val name="value" val="{camp.visual.libgaze.authorization.AuthenticatorWrapper.ERROR_INVALID_KEY, camp.visual.libgaze.authorization.AuthenticatorWrapper.ERROR_PACKAGE_NAME, camp.visual.libgaze.authorization.AuthenticatorWrapper.ERROR_EXPIRE}" />
    </annotation>
  </item>
  <item name="camp.visual.libgaze.authorization.AuthenticatorWrapper.AuthErrorCode">
    <annotation name="androidx.annotation.IntDef">
      <val name="value" val="{camp.visual.libgaze.authorization.AuthenticatorWrapper.ERROR_INVALID_KEY, camp.visual.libgaze.authorization.AuthenticatorWrapper.ERROR_PACKAGE_NAME, camp.visual.libgaze.authorization.AuthenticatorWrapper.ERROR_EXPIRE}" />
    </annotation>
  </item>
</root>

