<?xml version="1.0" encoding="UTF-8"?>
<root>
  <item name="camp.visual.gazetracker.common.Orientation int getCurrentOrientation(android.content.Context)">
    <annotation name="androidx.annotation.IntDef">
      <val name="value" val="{camp.visual.gazetracker.common.Orientation.PORTRAIT, camp.visual.gazetracker.common.Orientation.PORTRAIT_R, camp.visual.gazetracker.common.Orientation.LANDSCAPE, camp.visual.gazetracker.common.Orientation.LANDSCAPE_R}" />
    </annotation>
  </item>
  <item name="camp.visual.gazetracker.common.Orientation.ScreenOrientation">
    <annotation name="androidx.annotation.IntDef">
      <val name="value" val="{camp.visual.gazetracker.common.Orientation.PORTRAIT, camp.visual.gazetracker.common.Orientation.PORTRAIT_R, camp.visual.gazetracker.common.Orientation.LANDSCAPE, camp.visual.gazetracker.common.Orientation.LANDSCAPE_R}" />
    </annotation>
  </item>
</root>

